id,name,year_established,country,description,url,has_trading_incentive,trust_score,trust_score_rank,trade_vol_24h_btc,trade_vol_24h_btc_normalized,trade_vol_24h_usd,trade_vol_24h_usd_normalized,age_of_exchange,ingested_at
binance,Binance,2017.0,Cayman Islands,,https://www.binance.com/,False,10,1,223144.3752113061,115035.21507148829,14220265813.00,7330820392.06,7.0,2024-06-21 18:10:53.360448
bybit_spot,Bybit,2018.0,British Virgin Islands,"Bybit is a cryptocurrency exchange that offers a professional platform featuring an ultra-fast matching engine, excellent customer service and multilingual community support for crypto traders of all levels. Established in March 2018, Bybit currently serves more than 10 million users and institutions offering access to over 100 assets and contracts across Spot, Futures and Options, launchpad projects, earn products, an NFT Marketplace and more. Bybit is a proud partner of Formula One racing team, Oracle Red Bull Racing, esports teams NAVI, Astralis, Alliance, Virtus.pro, Made in Brazil (MIBR), City Esports, and Oracle Red Bull Racing Esports, and association football (soccer) teams Borussia Dortmund and Avispa Fukuoka.",https://www.bybit.com,False,10,2,69680.82862371081,53448.91475347178,4440532745.50,3406125628.27,6.0,2024-06-21 18:10:53.360448
huobi,HTX,2013.0,Seychelles,,https://www.huobi.com,False,10,3,39783.147213664,34835.238560431884,2535250676.70,2219936538.93,11.0,2024-06-21 18:10:53.360448
okex,OKX,2017.0,Seychelles,,https://www.okx.com,False,10,4,30499.656471387923,30499.656471387923,1943643983.04,1943643983.04,7.0,2024-06-21 18:10:53.360448
gdax,Coinbase Exchange,2012.0,United States,,https://www.coinbase.com/,False,10,5,29278.78969408701,29278.78969408701,1865842111.14,1865842111.14,12.0,2024-06-21 18:10:53.360448
gate,Gate.io,,Cayman Islands,"Gate was established in 2013, and it is the top 10 exchanges in the world in terms of authentic trading volume. It is also the first choice of over 8 million registered customers, covering 130+ countries worldwide, as we are providing the most comprehensive digital asset solutions.",https://www.gate.io/,False,10,6,33866.34079238806,28272.905372733705,2158191833.09,1801740372.46,,2024-06-21 18:10:53.360448
kucoin,KuCoin,2017.0,Seychelles,"Launched in September 2017, KuCoin is a global cryptocurrency exchange with its operational headquarters in Seychelles. As a user-oriented platform with a focus on inclusiveness and community action reach, it offers over 800 digital assets and currently provides Spot trading, Margin trading, P2P Fiat trading, Futures trading, Staking, and Lending to its 30 million users in more than 200 countries and regions. KuCoin is currently one of the top 5 crypto exchanges. In 2023, KuCoin was named one of the Best Crypto Exchanges by Forbes and recognized as a highly commended global exchange in Finder's 2023 Global Cryptocurrency Trading Platform Awards. Learn more at https://www.kucoin.com.",https://www.kucoin.com/,False,10,7,10421.44840379745,10421.44840379745,664125037.07,664125037.07,7.0,2024-06-21 18:10:53.360448
kraken,Kraken,2011.0,United States,,https://www.kraken.com/,False,10,8,9735.273363158996,9735.273363158996,620397331.80,620397331.80,13.0,2024-06-21 18:10:53.360448
bitfinex,Bitfinex,2012.0,British Virgin Islands,,https://www.bitfinex.com,False,10,9,2295.1635498006854,1702.1238670952966,146263313.75,108470822.15,12.0,2024-06-21 18:10:53.360448
hashkey-global,HashKey Global,2018.0,Bermuda,"HashKey Global is the flagship digital asset exchange under HashKey Group, offering licensed digital asset trading services to global users. HashKey Global is licensed in under the Bermuda Monetary Authority's full Digital Asset Business investor protection regime under a Class F Full License.   HashKey Global adopts the compliance, security, and audit best practices of HashKey Exchange (the largest licensed digital asset exchange in Hong Kong), with features such as asset segregation,  information security controls, insurance, independent auditing, and payments settlement.  HashKey Global has a compliant listing system and will offer mainstream trading services like LaunchPad, futures, leverage and staking.  HashKey Global is the core of HashKey Group's global licensed exchange landscape.  Note: HashKey Global does not conduct business in the United States, mainland China, Hong Kong, and certain sanctioned countries.  For more details :global.hashkey.com ",https://global.hashkey.com/,False,10,10,1857.391544756016,1375.9088122064354,118365526.62,87682196.90,6.0,2024-06-21 18:10:53.360448
hashkey_exchange,HashKey Exchange,2018.0,Hong Kong,"On a mission to set the bar for virtual asset exchanges in compliance, safety, and security, Hash Blockchain Limited (HashKey Exchange) is Hong Kong's first licensed virtual asset exchange for retail users. HashKey Exchange has recently received approval from the Securities and Futures Commission (SFC) of Hong Kong to operate a virtual asset trading platform under Type 1 (Dealing in securities) licence and Type 7 (Providing automated trading services) licence. As HashKey Group's exchange business, HashKey Exchange provides all-in-one trading services for both professional investors (PI) and retail investors. HashKey Exchange has obtained ISO 27001 (Information Security) and ISO 27701 (Data Privacy) management system certifications.",https://www.hashkey.com/,False,10,11,1290.555691273392,1290.555691273392,82242919.90,82242919.90,6.0,2024-06-21 18:10:53.360448
binance_us,Binance US,2019.0,United States,,https://www.binance.us/,False,10,12,93.0329068528918,93.0329068528918,5928684.80,5928684.80,5.0,2024-06-21 18:10:53.360448
bitget,Bitget,2018.0,Seychelles,,https://www.bitget.com/,False,9,13,24250.136636349438,24250.136636349438,1545382394.89,1545382394.89,6.0,2024-06-21 18:10:53.360448
bitmax,AscendEX (BitMax),2018.0,Singapore,"AscendEX (formerly BitMax) is a leading global digital asset financial platform founded by a group of Wall Street quantitative trading veterans in 2018, building on core value of “Efficiency, Resilience and Transparency.” 
 
Driven by its continuous innovative product development and early-mover advantage in strategic alignment with the leading projects from DeFi ecosystem, AscendEX offers trading services across over 200 trading pairs across cash, margin, and futures products, in particular margin trading of over 50 tokens in cross-asset collateral mode and futures trading in both cross-asset and isolated margin modes.",https://ascendex.com/en/global-digital-asset-platform,False,9,14,9727.599750924772,9131.65155344123,619908317.43,581930475.63,6.0,2024-06-21 18:10:53.360448
crypto_com,Crypto.com Exchange,2019.0,Malta,"Crypto.com Exchange is the best place to trade crypto, with deep liquidity, low fees and best execution prices, users can trade major cryptocurrencies like Bitcoin, Ethereum, and many more and receive great CRO-powered rewards",https://crypto.com/exchange,False,9,15,23810.39263228009,7854.241008830582,1517358938.68,500525253.21,5.0,2024-06-21 18:10:53.360448
bingx,BingX,2018.0,British Virgin Islands,"Founded in 2018, BingX is a leading crypto exchange, serving over 10 million users worldwide. BingX offers diversified products and services, including spot, derivatives, copy trading, and asset management – all designed for the evolving needs of users, from beginners to professionals. 

BingX is committed to providing a trustworthy platform that empowers users with innovative tools and features to elevate their trading proficiency. In 2024, BingX proudly became Chelsea FC's principal partner, marking an exciting debut in the world of sports.",https://bingx.com/,False,9,16,4814.386974893914,4814.386974893914,306805235.15,306805235.15,6.0,2024-06-21 18:10:53.360448
bitstamp,Bitstamp,2011.0,Luxembourg,,https://links.bitstamp.net/c/2223866/1100037/14006,False,9,17,3303.353761707203,1691.9030940376983,210511999.33,107819485.50,13.0,2024-06-21 18:10:53.360448
gemini,Gemini,2014.0,United States,,https://www.gemini.com/,False,9,18,1259.8784408722247,1259.8784408722247,80287958.43,80287958.43,10.0,2024-06-21 18:10:53.360448
backpack_exchange,Backpack Exchange ,2023.0,British Virgin Islands,A next-gen cryptocurrency exchange. ,https://backpack.exchange/,False,9,19,398.74433856654264,398.74433856654264,25410680.78,25410680.78,1.0,2024-06-21 18:10:53.360448
wootrade,WOO X,2019.0,Seychelles,"WOO Network is a deep liquidity network connecting traders, exchanges, institutions, and DeFi platforms with democratized access to the best-in-class liquidity and trading execution at lower or zero cost. Its flagship, WOO X, is a professional trading platform featuring customizable modules and lower to zero fees complete with deep liquidity. WOO Network was founded by Kronos Research, a quantitative trading firm generating $5-10B in daily volume.",https://woo.org/,False,9,20,280.5836331121883,280.5836331121883,17880683.04,17880683.04,5.0,2024-06-21 18:10:53.360448
coinspro,Coins.ph,,Philippines,,https://coins.ph/about,False,9,21,150.79581296032762,150.79581296032762,9609727.07,9609727.07,,2024-06-21 18:10:53.360448
luno,Luno,2013.0,Singapore,,https://www.luno.com,False,9,22,123.35656141870074,123.35656141870074,7861112.75,7861112.75,11.0,2024-06-21 18:10:53.360448
whitebit,WhiteBIT,2018.0,Lithuania,,https://whitebit.com,False,8,23,25026.6255201615,25026.6255201615,1594865507.87,1594865507.87,6.0,2024-06-21 18:10:53.360448
mxc,MEXC,2018.0,Seychelles,"Established in April 2018, MEXC is one of the world’s leading digital-asset trading platforms. The core team comes from world-class enterprises and financial companies with rich experience in blockchain and financial industries.",https://www.mexc.com/,False,8,24,19123.863012237303,19123.863012237303,1218701637.22,1218701637.22,6.0,2024-06-21 18:10:53.360448
digifinex,DigiFinex,2018.0,Seychelles,,https://www.digifinex.com/,False,8,25,18127.716057023983,18127.716057023983,1155220429.24,1155220429.24,6.0,2024-06-21 18:10:53.360448
coinw,CoinW,2017.0,United Arab Emirates,"What Is CoinW?
CoinW stands as a pinnacle in the world of crypto trading platforms, where our unwavering commitment to security, transparency, and user-centric principles sets us apart. Powered by cutting-edge technology, boasting deep liquidity, and offering support for a diverse array of cryptocurrencies, we have cultivated a vast and dedicated user base, solidifying our position as one of the most secure exchanges globally.

Dedicated to upholding the highest regulatory standards, we prioritize security, transparency, and compliance to contribute actively to the advancement of the crypto industry. At CoinW, we take pride in serving over 10 million users worldwide, earning our reputation as a beacon of security and reliability in the dynamic realm of cryptocurrency. Join us on this journey, where your assets are safeguarded, and your trading experience is elevated to new heights.

Who Are the Founders of CoinW?
Incepted in 2017 by a fusion of crypto, cybersecurity, and finance virtuosos, CoinW has established 16 Localized Trading Service Centers spanning 13 distinct countries. With a robust workforce comprising over 1,000 talents representing 30 diverse nations, CoinW stands as the quintessential embodiment of a global and professional entity.

When Did CoinW Launch?
CoinW was launched in 2017.

Where Is CoinW Located?
Based in the vibrant city of Dubai, UAE, CoinW has expanded its global presence with 16 Localized Trading Service Centers spanning 13 countries. Our reach extends to key locations such as Dubai, Singapore, Turkey, South Korea, Japan, the Philippines, Malaysia, Australia, Vietnam, India, Nigeria, Canada, and Russia. Serving customers in over 200 regions and countries, CoinW is dedicated to providing a seamless and localized trading experience.

As a forward-thinking crypto trading platform, we prioritize collaboration with international regulatory bodies and organizations, contributing to the establishment of a safe and secure environment for our users.

What Coins Are Supported on CoinW?
CoinW boasts a vast array of over 1,000 listed crypto tokens, offering more than 500 spot trading pairs. Popular coins include BTC, ETH, BGB, XRP, PEPE, DOGE, SHIB, BNB, LTC, APT and more.

How Much Are CoinW Fees?
When users conduct currency transactions on CoinW, the platform will charge users a certain fee to support the operation of the platform.User fees for makers and takers on the platform will be charged according to different rules. Currently, the basic fees for maker and takers on the platform are both 0.2%.

Is It Possible To Use Leverage or Margin Trading on CoinW?
CoinW empowers traders seeking strategic leverage through our comprehensive options for both spot and Futures trading. Our platform offers unparalleled flexibility, allowing users to utilize leverage ratios of up to 200x in Futures and 6x in ETF trading. This means that traders can amplify their positions, opening the door to potential profit maximization in crypto market.
",https://www.coinw.com/,False,8,26,15953.414526715424,15953.414526715424,1016659259.19,1016659259.19,7.0,2024-06-21 18:10:53.360448
upbit,Upbit,2017.0,South Korea,,https://upbit.com,False,8,27,15740.584463839952,15740.584463839952,1003096290.98,1003096290.98,7.0,2024-06-21 18:10:53.360448
xt,XT.COM,2018.0,Seychelles,"By consistently expanding its ecosystem, XT.COM is dedicated to providing users with the most secure, trusted, and hassle-free digital asset trading services. Our exchange is built from a desire to give everyone access to digital assets regardless where you are. 

Founded in 2018, XT.COM now serves more than 6 million registered users, over 500,000+ monthly active users and 40+ million users in the ecosystem. Covering a rich variety of  trading categories together with a NFT aggregated marketplace,  our platform strives to cater to its large user base by providing a secure, trusted and intuitive trading experience.

As the world’s first social-infused digital assets trading platform, XT.COM also supports social networking platform based transactions to make our crypto services more accessible to users all over the world. Furthermore, to ensure optimal data integrity and security, we see user security as our top priority at XT.COM. ",https://www.xt.com/,False,8,28,14499.858722501418,14499.858722501418,924028871.84,924028871.84,6.0,2024-06-21 18:10:53.360448
bitmart,BitMart,2017.0,Cayman Islands,,https://www.bitmart.com/en,False,8,29,11652.585100167491,11652.585100167491,742581377.53,742581377.53,7.0,2024-06-21 18:10:53.360448
deepcoin,Deepcoin,2018.0,Seychelles,"Deepcoin Exchange offers groundbreaking tools for you to buy and sell over 120 cryptocurrencies. Since 2018, we have provided a secure and reliable way for you to invest in spot and futures trading to our over 1 million users.",https://www.deepcoin.com/,False,8,30,12197.468253166195,11042.720183386988,777305010.00,703716668.45,6.0,2024-06-21 18:10:53.360448
bitvenus_spot,BitVenus,2018.0,British Virgin Islands,"Founded in May 2018, our exchange offers reliable and efficient 24x7 spot and derivatives trading services. Our commitment to continual innovation has allowed us to launch state-of-the-art features, such as a copy trading function, which facilitates both novice and seasoned traders. This persistent focus on enhancement, fueled by a team of seasoned industry professionals, ensures that our product offerings remain top-tier, competitive, and user-friendly. We highly prioritize customer service, boasting a dedicated team ready to provide high-quality support whenever needed. Our dedicated compliance team works meticulously to ensure our trading environment is secure, adhering strictly to all regulatory requirements. All these efforts come together to create a trading platform that offers security, support, and innovative features that make trading both easy and rewarding.",https://www.bitvenus.com/,False,8,31,18636.403150577236,10285.930046954847,1187637404.48,655488892.62,6.0,2024-06-21 18:10:53.360448
bigone,BigONE,2017.0,Seychelles,,https://bigone.com,False,8,32,9418.063479419707,9418.063479419707,600182576.84,600182576.84,7.0,2024-06-21 18:10:53.360448
latoken,LATOKEN,2017.0,Cayman Islands,,https://latoken.com/,False,8,33,9148.901487309802,9148.901487309802,583029757.86,583029757.86,7.0,2024-06-21 18:10:53.360448
bitrue,Bitrue,2018.0,Seychelles,,https://www.bitrue.com/,False,8,34,24597.38649946939,8655.167259216874,1567511500.11,551565680.14,6.0,2024-06-21 18:10:53.360448
azbit,Azbit,,Seychelles,"Azbit is a new generation exchange offering the most in-demand services on the market. Spot exchange, margin trading, crypto-backed loans.",https://azbit.com/,False,8,35,3198.4552515263754,3198.4552515263754,203827158.20,203827158.20,,2024-06-21 18:10:53.360448
btse,BTSE,2018.0,British Virgin Islands,"BTSE is a leading digital asset exchange that empowers users by offering a simple and secure way to trade. Its growing suite of financial services is designed to bridge traditional finance with digital assets solutions. BTSE's innovative technology offers a set of digital financial solutions featuring multi-currency spot and derivatives trading, in addition to NFT and exchange white labels, over-the-counter (OTC) trading, asset management, and payment gateways. Additionally, BTSE provides an all-in-one order book, strict security protocols, an insurance fund, cold storage for more than 99% of assets and no withdrawal limits on over 12 fiat currencies and 100 cryptocurrencies.",https://www.btse.com/,False,8,36,2468.0768144693193,2468.0768144693193,157282514.14,157282514.14,6.0,2024-06-21 18:10:53.360448
bitvavo,Bitvavo,2018.0,Netherlands,,https://bitvavo.com/en,False,8,37,1924.3381336842538,1924.3381336842538,122631815.16,122631815.16,6.0,2024-06-21 18:10:53.360448
pointpay,PointPay,2018.0,Saint Vincent and the Grenadines,,https://exchange.pointpay.io/,False,8,38,1840.4445690217872,1840.4445690217872,117285550.94,117285550.94,6.0,2024-06-21 18:10:53.360448
phemex,Phemex,2019.0,Singapore,"Launched in 2019, Phemex is a Singapore-based cryptocurrency and derivatives trading platform led by former Morgan Stanley executives. Serving around 5 million active users in over 200 countries, Phemex supports 150+ trading pairs with up to 100x leverage.

-  Fee Structure: 0.1% for both maker and taker
-  Contract Fee Structure: 0.01% for maker and 0.06% for taker
-  Up to $100 Welcome Bonus for new users
-  Earn up to 8.5% APY interest income on crypto assets
-  Free academy with 450+ carefully curated articles about crypto & trading
-  Security: Hierarchical Deterministic Cold Wallet System with 2-level human scrutiny offline signatures.",https://phemex.com/,False,8,39,1586.4587432177575,1586.4587432177575,101099859.71,101099859.71,5.0,2024-06-21 18:10:53.360448
exmo,EXMO,2014.0,United Kingdom,,https://exmo.com/,False,8,40,920.8951929542521,920.8951929542521,58685657.74,58685657.74,10.0,2024-06-21 18:10:53.360448
bitdelta,BitDelta,2023.0,Vanuatu,"BitDelta is a global trading platform servicing in 120+ countries with a mission to revolutionize the financial landscape by empowering young individuals and ambitious investors to ignite their trading journey. The platform offers a comprehensive trading experience through a range of innovative features, like Spot Trading, Card Crypto Purchases, Token Launchpad Services and more. Along with these features, BitDelta users are able to diversify their portfolios into a variety of assets, all while using a highly secure asset custodian. With a steadfast commitment to making trading accessible for all, BitDelta aims to create a sophisticated and engaging trading experience where every trade counts.",https://bitdelta.com/,False,8,41,744.9746207988146,744.9746207988146,47474811.42,47474811.42,1.0,2024-06-21 18:10:53.360448
bitso,Bitso,2014.0,Gibraltar,,https://bitso.com,False,8,42,686.4305719159238,686.4305719159238,43743989.45,43743989.45,10.0,2024-06-21 18:10:53.360448
bullish_com,Bullish,2021.0,Gibraltar,,https://bullish.com/,False,8,43,20656.42332793434,539.5047873919403,1316366725.31,34380886.71,3.0,2024-06-21 18:10:53.360448
bitbank,Bitbank,2016.0,Japan,,https://bitbank.cc/,False,8,44,368.6155419076203,368.6155419076203,23490670.49,23490670.49,8.0,2024-06-21 18:10:53.360448
max_maicoin,Max Maicoin,,Taiwan,,https://max.maicoin.com,False,8,45,271.15125961451037,271.15125961451037,17279588.53,17279588.53,,2024-06-21 18:10:53.360448
indodax,Indodax,2014.0,Indonesia,,https://indodax.com,False,8,46,206.9638544562349,206.9638544562349,13189133.81,13189133.81,10.0,2024-06-21 18:10:53.360448
bitopro,BitoPro,2018.0,Taiwan,,https://www.bitopro.com/,False,8,47,194.6202697003208,194.6202697003208,12402517.27,12402517.27,6.0,2024-06-21 18:10:53.360448
kuna,Kuna Exchange,,United Kingdom,,https://kuna.io/,False,8,48,78.73782073875296,78.73782073875296,5017705.42,5017705.42,,2024-06-21 18:10:53.360448
fastex,Fastex,,Lithuania,,https://exchange.fastex.com/,False,8,49,50.56177375643639,50.56177375643639,3222137.52,3222137.52,,2024-06-21 18:10:53.360448
nonkyc_io,Nonkyc.io,2023.0,Seychelles,"About NonKyc.io Founded in 2023, NonKyc.io strives to provide its users with the best trading experience and give small and medium market cap assets a reliable trading hub. Our goal is to maintain a fast and user friendly system while also concentrating on security to keep users, data, and assets safe. Security of our users' data & assets is always our top priority and we are focused on building an easy to use digital asset trading platform for everyone to enjoy.  The NonKYC platform system is NOT from some predesigned script package or preexisting codebase. It has been created from the ground up by professional developers who are well experienced in Cryptocurrency. NonKYC has been designed to scale horizontally as we grow to become a top tier exchange.",https://nonkyc.io,False,8,50,39.606234951772386,39.606234951772386,2523976.63,2523976.63,1.0,2024-06-21 18:10:53.360448
bitmex_spot,BitMEX,,Seychelles,,https://www.bitmex.com/spot/,False,8,51,4.05600131189344,4.05600131189344,258475.78,258475.78,,2024-06-21 18:10:53.360448
p2pb2b,P2B,2018.0,Lithuania,"P2B is a top crypto platform in Europe and has gotten into the TOP-3 Crypto Exchanges by growth speed. It offers the best go-to-market experience to diverse crypto startups. At the exchange, investors can find a wide variety of newly-launched tokens.


The platform attracts new crypto projects due to the high-level liquidity of the crypto exchange. One of the essential benefits of the crypto exchange is the high-level security of every launch and operation. It's in the TOP-15 in Cer.Live security rate. 


The exchange has 6-year-old experience in the crypto field and has presented more than 2,000 crypto projectsʼ launches. The go-to-market team of the exchange has designed a well-thought strategy for marketing and promoting newly-launched projects to enhance their liquidity and involve new investors.


P2B offers a top-grade launchpad with extended functionality for newly-launched crypto projects. The platform offers additional liquidity services to support a token price after a listing stage and avoid a price drop. It doesn't have limitations, a ticket system, and doesn't hold tokens. The total amount of funds raised through launchpads is already more than $10 million, and the top results from one launchpad are $2+ million.


P2B is popular among newly-launched crypto projects due to easy-to-go onboarding, a loyal listing requirement for the 1st listing, expertise, and well-designed tools for the project's promotion. The exchange also contributes to the development of WEB 3.0 by creating the Fund of Rising Stars to support projects with high potential and strong ideas.


Join the prosperous P2B community—the #1 place to be in crypto.

Get your exciting trading experience and earn fast and securely with 24/7 support.

",https://p2pb2b.com/,False,7,52,17907.114483459984,17907.114483459984,1141162207.91,1141162207.91,6.0,2024-06-21 18:10:53.360448
lbank,LBank,2015.0,British Virgin Islands,"LBank is a globally based centralized exchange (CEX) platform established in 2015. The platform allows users to buy and sell major crypto assets like Bitcoin (BTC) and Ethereum (ETH) in over 149 fiat currencies, with over 20 payment methods. The company has licenses from the National Futures Association, Italian Organismo degli Agenti e dei Mediatori, and money services businesses in the United States & Canada. The LBank exchange has over 9 million users and accepts clients from over 200 regions.
LBank Exchange provides its users with crypto trading, specialized financial derivatives, and professional asset management services.
 ",https://www.lbank.com,False,7,53,12583.321924297963,12583.321924297963,801894210.44,801894210.44,9.0,2024-06-21 18:10:53.360448
biconomy,Biconomy,2019.0,Canada,"Biсonomy is a Canadian cryptocurrency exchange founded on October 1, 2019.
The exchange has a Canadian trading license and has also recently received a US MSB license.
Biconomy only hosts high-quality projects and coins. It is also possible to buy a cryptocurrency for fiat using the AdvCash solution.",https://www.biconomy.com/,False,7,54,11082.931215255241,11082.931215255241,706279186.82,706279186.82,5.0,2024-06-21 18:10:53.360448
tapbit,Tapbit,2019.0,United States,"Tapbit offers secure and stable trading services for global investors in mainstream crypto assets such as BTC, ETH, SOL, and USDC. The platform holds the MSB fiat currency business license issued by the U.S. federal government, the MSB fiat currency business license issued by the Canadian government, the NFA general financial license, and the crypto and forex business license issued by SVGFSA. Additionally, we safeguard all your assets on Tapbit through a multi-million-dollar insurance fund Tapbit provides users with cutting-edge technology, featuring a core aggregation engine that stands as one of the most advanced technological products in the current market. With fault tolerance and exceptional processing speed, it can address concurrent issues arising from instantaneous high volumes of transactions and settlements. Our security measures include banking-grade SSL encryption, multi-signature capabilities, and hot & cold wallet separation technology, all working together to rigorously protect the security of all user assets  Tapbit stands out as one of the safest and most reliable cryptocurrency service platforms in the current market. Global investors can utilize and benefit from the platform without worrying about potential risks associated with the field, thanks to the application of advanced technology and innovative algorithms.",https://www.tapbit.com/,False,7,55,10838.930703563203,10838.930703563203,690729827.21,690729827.21,5.0,2024-06-21 18:10:53.360448
toobit,Toobit,2022.0,Cayman Islands,,https://www.toobit.com/,False,7,56,14644.086827894946,8283.896185687809,933220060.26,527905781.25,2.0,2024-06-21 18:10:53.360448
bitunix,Bitunix,2021.0,Seychelles,,https://www.bitunix.com/,False,7,57,6386.656426727535,6386.656426727535,407000857.44,407000857.44,3.0,2024-06-21 18:10:53.360448
bithumb,Bithumb,2014.0,South Korea,,https://www.bithumb.com/,False,7,58,6227.717419115879,6227.717419115879,396872191.04,396872191.04,10.0,2024-06-21 18:10:53.360448
coinstore,Coinstore,2020.0,Singapore,"Coinstore: A Global Cryptocurrency Exchange Revolutionizing Crypto Finance

Coinstore is a leading global cryptocurrency exchange that brings together a team of seasoned financial professionals and blockchain experts. With a strong presence in 175 countries and a user base of 3.3 million registered traders, Coinstore offers seamless and rapid trading services, along with derivatives, OTC, and NFT solutions.

What sets Coinstore apart is its exceptional trading speed, operating at millisecond-level precision. The platform boasts a robust server architecture, ensuring smooth and efficient transactions for users worldwide. Security is a top priority, with Coinstore implementing bank-level measures to safeguard user assets. A comprehensive risk control system and real-time reconciliation further enhance the peace of mind for traders.

Coinstore's dedication to excellence has been recognized within the industry. It has been crowned the best exchange in Asia by Crypto 306, while also earning the esteemed title of best rising star from Crypto Expo. This recognition highlights Coinstore's commitment to revolutionize the world of crypto finance.

Discover the future of cryptocurrency trading and financial innovation with Coinstore.com. Join our ever-growing community and experience the cutting-edge solutions that are reshaping the crypto landscape.

",https://www.coinstore.com/#/,False,7,59,4223.728067588875,2854.7152835033935,269164462.63,181921727.19,4.0,2024-06-21 18:10:53.360448
bydfi,BYDFi,2020.0,,,https://www.bydfi.com/en,False,7,60,1540.0719264096276,1540.0719264096276,98143778.64,98143778.64,4.0,2024-06-21 18:10:53.360448
paribu,Paribu,,Turkey,,https://www.paribu.com/,False,7,61,1308.23629207932,1290.7263404955472,83369647.13,82253794.82,,2024-06-21 18:10:53.360448
bitflyer,bitFlyer,2014.0,Japan,,https://bitflyer.com/en-eu/,False,7,62,1259.7638429862368,1259.7638429862368,80280655.48,80280655.48,10.0,2024-06-21 18:10:53.360448
btcturk,BtcTurk | Kripto,2013.0,Turkey,,https://kripto.btcturk.com/en,False,7,63,1553.2313190863686,1148.2043137164203,98982383.96,73171329.25,11.0,2024-06-21 18:10:53.360448
dextrade,Dex-Trade,2019.0,Belize,"Dex-Trade is a centralized cryptocurrency exchange founded in 2017 and registered in Belize. This is a modern space for safe and comfortable trading with minimal commissions.

Dex-Trade is a universal exchange for both beginners and professional traders. The minimum spread and high liquidity in order books allow you to trade efficiently with orders of any volume.
Along with global opportunities, the exchange also provides a demo trading mode for risk-free testing of your trading strategies. Our dedicated support team is online 24/7 to assist you with any questions.

You can learn more about Dex-Trade on the website.
https://dex-trade.com/info/about

If you are looking for listing and promotion options with Dex-Trade please visit our listing page and a personal manager will help you to utilize our proven tools and intelligent market-making system to engage with the vast exchange community in the best possible way. https://dex-trade.com/listing",https://dex-trade.com/,False,7,64,867.2490113455788,867.2490113455788,55266960.93,55266960.93,5.0,2024-06-21 18:10:53.360448
coinex,CoinEx,2017.0,Samoa,,https://www.coinex.com/,False,7,65,725.3812842530016,725.3812842530016,46226191.76,46226191.76,7.0,2024-06-21 18:10:53.360448
slex,Slex,2023.0,Costa Rica,"SLEX is a global platform for cryptocurrency and commodity trading. Whether you're new to trading or an experienced trader, SLEX offers a suite of services tailored to your needs, including AI trading, staking, futures trading, and tokenized assets trading.

At SLEX, we're building a complete crypto ecosystem centered around the SLEX Exchange. This ecosystem provides users with all the tools they need for efficient trading and access to DeFi through crypto wallet integration. At the core of this ecosystem is the SLEX token, offering a host of benefits to its holders.

The SLEX token incorporates deflationary mechanisms like buyback and burning plans, making it a valuable asset. In addition to VIP tier progression and trading fee deductions, SLEX holders enjoy exclusive perks such as trading fee discounts, special gifts, passive income opportunities through staking, and early access to projects on the SLEX Launchpad.

Key Features of SLEX Exchange:

Trade Crypto on the Spot Market: SLEX supports both limit and market orders, allowing you to trade a wide range of popular pairs including BTC, ETH, LTC, USDT, and many more.
Access Global Markets: Trade over 100 tokens across various global markets.
API Trading: Enjoy the flexibility of 24/7 trading via API.

Security Measures at SLEX:

Fund Safety: We prioritize the safety of user funds, with 10% of all trading fees deposited into a secure asset fund.
Insurance Fund: Your assets are insured against unforeseen events, providing peace of mind.
Distributed Ledgers: Your data is securely stored and accessed through cold wallets, ensuring reliability.
Compliance: SLEX Exchange adheres to the CryptoCurrency Security Standards, protecting against unauthorized data access and breaches.

The SLEX Bonus System offers additional incentives such as the Referral Program, Reward Hub, and access to the Launchpad.

Join SLEX Today:

Deposit funds using various fiat payment methods.
Trade, invest, and manage your crypto portfolio seamlessly on SLEX Exchange.

Join SLEX Exchange today and unlock the full potential of cryptocurrency trading with our advanced features and tools.
",https://slex.io/,False,7,66,699.5953917244448,699.5953917244448,44582940.63,44582940.63,1.0,2024-06-21 18:10:53.360448
cryptology,Cryptology,2018.0,Lithuania,,https://cryptology.com/,False,7,67,671.258125548957,671.258125548957,42777098.75,42777098.75,6.0,2024-06-21 18:10:53.360448
bitkub,Bitkub,2018.0,Thailand,,https://www.bitkub.com,False,7,68,381.74640023332756,381.74640023332756,24327457.41,24327457.41,6.0,2024-06-21 18:10:53.360448
bitazza,Bitazza,2021.0,Thailand,Bitazza is ASEAN's locally-based digital asset platform. ,https://trade.bitazza.com/gl/exchange/,False,7,69,342.2994634404569,342.2994634404569,21813632.33,21813632.33,3.0,2024-06-21 18:10:53.360448
bitcastle,bitcastle,2019.0,Lithuania,"bitcastle is all in one global platform including crypto trading, FX trading and binary option trading first launched in July 2019.  In May 2022, bitcastle renewed it's platform with a brand new user interface, new features and token listings. With offices in Singapore, Vietnam and Japan, bitcastle maximizes the strengths of the diverse team with various experiences to deliver the best financial services for its users.  Notable features of the platform include 0% trading fee for major currency pairs and High & Low binary trading option. bitcastle High & Low option allows users to see return on their investment in as little as 5 seconds, which is the fastest period in the world. bitcastle aims to be a platform that can be enjoyed by both seasoned traders as well as beginners.  CASTLE is bitcastle's native token. CASTLE can be used to reduce transaction fees on the platform by up to 60%. At selected intervals, 20% of bitcastle's profits will be used to buy back CASTLE tokens, and burn them.  The bitcastle apps is now available for both android and IOS, enabling users to access it's platform.",https://bitcastle.io/en,False,7,70,1303.29474105239,203.5517338513275,83054738.14,12971690.46,5.0,2024-06-21 18:10:53.360448
kanga,Kanga,2018.0,Belize,,https://kanga.exchange/,False,7,71,190.84594223148738,190.84594223148738,12161991.65,12161991.65,6.0,2024-06-21 18:10:53.360448
bitcointry_exchange,Bitcointry,2023.0,Turkey,"Bitcointry Exchange is a semi-DEX hybrid exchange with web3 infrastructure. As with DEX exchanges, users can connect to the application with web3 wallets and make deposits. And as in CEX exchanges, they can create limit, market and stop limit orders. They can transfer between chains with the bridge application. It can also earn rewards by staking.  Bitcointry exchange is an official company in Turkey. Users in Turkey can transfer Turkish lira to the application via bank transfer. And can buy crypto money with Turkish lira.  Bitcointry exchange has taken the best features of CEX and DEX exchanges. It has been developed to provide users with a unique experience.",https://bitcointry.com,False,7,72,117.58114674664412,117.58114674664412,7493064.34,7493064.34,1.0,2024-06-21 18:10:53.360448
cex,CEX.IO,2013.0,United Kingdom,,https://trade.cex.io/,False,7,73,85.28663861138284,85.28663861138284,5435040.30,5435040.30,11.0,2024-06-21 18:10:53.360448
korbit,Korbit,2013.0,South Korea,,https://www.korbit.co.kr/,False,7,74,79.83783984906577,79.83783984906577,5087806.06,5087806.06,11.0,2024-06-21 18:10:53.360448
coin_metro,Coinmetro,2018.0,Estonia,,https://coinmetro.com/,False,7,75,37.129828080575045,37.129828080575045,2366163.27,2366163.27,6.0,2024-06-21 18:10:53.360448
xeggex,XeggeX,2021.0,Seychelles,"Founded in 2021, XeggeX.com strives to provide its users with the best trading experience and give small and medium market cap assets a reliable trading hub. Our goal is to maintain a fast and user friendly system while also concentrating on security to keep users, data, and assets safe. Security of our users' data & assets is always our top priority and we are focused on building an easy to use digital asset trading platform for everyone to enjoy.",https://xeggex.com,False,7,76,36.27784128572351,36.27784128572351,2311868.92,2311868.92,3.0,2024-06-21 18:10:53.360448
bitlo,Bitlo,2018.0,Turkey,,https://www.bitlo.com/,False,7,77,35.64249314105029,35.64249314105029,2271380.25,2271380.25,6.0,2024-06-21 18:10:53.360448
coindcx,CoinDCX,2018.0,Singapore,"Started on April 7th, 2018, CoinDCX is a Singapore-based company that specializes in crypto-enabled financial services. Offering you the simplest yet robust trading environment to trade 200+ coins, 500+ markets, and 150+ coins on leverage at lightning speed.

With major fintech innovations going across the world, DCX is bringing a revolution with its crypto-based products. DCX is not just for the banked or unbanked, DCX aims to build an all-inclusive ecosystem by bringing trust between the trustless. DCX is focused on developing borderless financial services which ensure faster, simpler, and uninterrupted flow of capital.
Through its array of products, DCX is upgrading lives every day.
",https://www.coindcx.com,False,7,78,24.593866605949017,24.593866605949017,1567287.19,1567287.19,6.0,2024-06-21 18:10:53.360448
nominex,Nominex,2019.0,Seychelles,"New trading platform for convenient trading experience with low fees and numerous instruments. 

Absolutely unique affiliate program that allows to earn from an infinite number of referral levels, compared to 2-3 levels at all other exchanges. 

A unique model for the free 2 phases distribution of the native NMX token.

Advanced Trading Instruments – using Stop, Stop Limit, Trailing Stop, Scaled and other types of orders brings some kind of trading automation without the need to develop a trading bot, which allows to easily get more profit while trading.",https://www.nominex.io,False,7,79,13.573723109065607,13.573723109065607,865009.26,865009.26,5.0,2024-06-21 18:10:53.360448
nice_hash,NiceHash,,Slovenia,,https://www.nicehash.com,False,7,80,6.191021158606972,6.191021158606972,394533.66,394533.66,,2024-06-21 18:10:53.360448
delta_spot,Delta Exchange,,Jamaica,,https://www.delta.exchange/app/spot/trade/,False,7,81,6.146064830802489,6.146064830802489,391668.74,391668.74,,2024-06-21 18:10:53.360448
okcoin,Okcoin,2013.0,United States,"Founded in 2013, Okcoin is a US-headquartered cryptocurrency exchange serving 190+ countries and territories. The platform enables retail and institutional investors to purchase digital assets using local currencies, with a mission to make crypto easy for everyone, including first-time buyers. Okcoin was the first centralized exchange to offer direct entry into decentralized finance (DeFi) with Earn, a tool for earning APY through decentralized lending, liquidity pools, staking, and more. In addition, Okcoin offers institutional trading tools and APIs to asset managers, venture capital and hedge funds, retail brokers, payment processors, and more. Follow Okcoin on Twitter at @Okcoin and visit okcoin.com for more information.",https://www.okcoin.com/,False,7,82,0.4732305947913755,0.4732305947913755,30157.45,30157.45,11.0,2024-06-21 18:10:53.360448
uniswap_v3,Uniswap V3 (Ethereum),2018.0,,,https://app.uniswap.org/#/swap,False,6,83,14307.778503186493,14307.778503186493,911788223.73,911788223.73,6.0,2024-06-21 18:10:53.360448
hotcoin_global,Hotcoin,2017.0,Seychelles,"Operating out of Australia, Hotcoin Global is a digital asset trading platform. The obtained two different licenses to conduct its operations from AUSTRAC: digital currency trading and foreign currencies exchange. As of 2022, the centralized cryptocurrency exchange (CEX) had an estimated 5 million active users, with its daily transaction volume reaching billions of dollars.",https://www.hotcoin.com,False,6,84,15417.14847319397,11545.934379805603,982484766.46,735784873.74,7.0,2024-06-21 18:10:53.360448
uniswap_v3_arbitrum,Uniswap V3 (Arbitrum One),,,,https://app.uniswap.org/#/swap,False,6,85,10053.016171352236,10053.016171352236,640646048.30,640646048.30,,2024-06-21 18:10:53.360448
cointr,CoinTR Pro,2022.0,Lithuania,,https://www.cointr.pro/,False,6,86,7309.39578062052,7309.39578062052,465804037.56,465804037.56,2.0,2024-06-21 18:10:53.360448
fameex,FameEX,2020.0,Australia,,https://www.fameex.com,False,6,87,5847.825095698611,5847.825095698611,372662887.92,372662887.92,4.0,2024-06-21 18:10:53.360448
raydium-clmm,Raydium (CLMM),,,,https://raydium.io/swap/,False,6,88,6152.258929752041,4837.850721210652,392063466.75,308300503.45,,2024-06-21 18:10:53.360448
pionex,Pionex,2019.0,British Virgin Islands,,https://www.pionex.com,False,6,89,7928.473671024277,3765.180413261362,505255859.51,239942710.90,5.0,2024-06-21 18:10:53.360448
citex,CITEX,2018.0,British Virgin Islands,"CITEX is a convenient platform to manage cryptocurrencies, always committed to providing users with more secure, convenient, intelligent and innovative cryptocurrency management services. CITEX offers spot trading, mining, investment, incubation, OTC trading, earn, derivatives and other products.",https://www.citex.io/,False,6,90,10935.327624298778,3652.2147133798185,696872889.68,232743773.99,6.0,2024-06-21 18:10:53.360448
uniswap-v3-base,Uniswap V3 (Base),,,,https://app.uniswap.org/#/swap,False,6,91,2327.5380229011903,2327.5380229011903,148326433.70,148326433.70,,2024-06-21 18:10:53.360448
aerodrome-slipstream,Aerodrome SlipStream,,,,https://aerodrome.finance/swap?,False,6,92,3519.000347794722,2103.3567980228554,224254455.41,134040092.83,,2024-06-21 18:10:53.360448
probit,ProBit Global,2017.0,Seychelles,,https://www.probit.com/,False,6,93,6075.0308963502275,2070.9213801231326,387141975.17,131973089.06,7.0,2024-06-21 18:10:53.360448
uniswap_v2,Uniswap V2 (Ethereum),2018.0,,,https://app.uniswap.org/#/swap?use=V2,False,6,94,2054.902972369477,2054.902972369477,130952287.99,130952287.99,6.0,2024-06-21 18:10:53.360448
aerodrome-base,Aerodrome (Base),,,,https://aerodrome.finance/,False,6,95,1630.3560069078658,1630.3560069078658,103897289.66,103897289.66,,2024-06-21 18:10:53.360448
c_patex,C-Patex,,Argentina,,https://c-patex.com/,False,6,96,1415.8648682667606,1415.8648682667606,90228466.49,90228466.49,,2024-06-21 18:10:53.360448
uniswap_v3_polygon_pos,Uniswap V3 (Polygon),2021.0,,,https://app.uniswap.org/#/swap,False,6,97,1232.4932287494184,1232.4932287494184,78542787.87,78542787.87,3.0,2024-06-21 18:10:53.360448
bitci,Bitci TR,2018.0,Turkey,,https://www.bitci.com.tr/en,False,6,98,915.1833109513918,915.1833109513918,58321658.06,58321658.06,6.0,2024-06-21 18:10:53.360448
uniswap_v3_optimism,Uniswap V3 (Optimism),,,,https://app.uniswap.org/#/swap,False,6,99,903.9944253245491,903.9944253245491,57608626.74,57608626.74,,2024-06-21 18:10:53.360448
bit2me,Bit2Me,2014.0,Spain,,https://bit2me.com/,False,6,100,4451.656508540025,783.1706855108949,283689601.41,49908922.48,10.0,2024-06-21 18:10:53.360448
